L_NAME,count
한국GM 스파크,2095
벤츠 E클래스,1456
BMW 5시리즈,1328
벤츠 S클래스,1009
벤츠 AMG,863
현대 그랜저,775
기아 카니발,770
한국GM 말리부,641
BMW 3시리즈,617
한국GM 크루즈,596
현대 포터,545
벤츠 C클래스,523
한국GM 올란도,499
기아 봉고,488
한국GM 트랙스,480
BMW 7시리즈,474
기아 쏘렌토,443
BMW X2,426
기아 K7,417
BMW 그란투리스모,409
기아 K5,399
현대 싼타페,395
현대 쏘나타,386
기아 레이,383
기아 모닝,346
BMW X4,327
현대 아반떼,325
현대 팰리세이드,300
기아 스포티지,293
한국GM 마티즈,281
BMW X5,274
BMW X1,267
현대 스타렉스,260
벤츠 A클래스,251
BMW X6,226
현대 투싼,216
벤츠 GLE,216
BMW X3,188
한국GM 라보,173
한국GM 다마스,163
BMW 4시리즈,163
기아 K3,159
현대 제네시스,156
한국GM 캡티바,147
BMW 1시리즈,142
BMW M시리즈,137
한국GM 알페온,136
한국GM 라세티,134
한국GM 아베오,107
현대 코나,100
한국GM 트레,98
한국GM 임팔라,87
기아 모하비,87
기아 니로,86
기아 K9,83
르노코리아 마스터,82
기아 셀토스,67
BMW 2시리즈,67
현대 에쿠스,66
BMW X7,65
기아 쏘울,62
BMW 6시리즈,54
한국GM 콜로라도,54
현대 마이티,54
BMW Z4,54
기아 스팅어,53
벤츠 B클래스,48
BMW i3,47
한국GM 트래버스,46
현대 엑센트,44
기아 카렌스,42
벤츠 M클래스,40
기아 프라이드,40
한국GM 윈스톰,39
BMW i4,38
현대 스타리아,37
한국GM 볼트,34
벤츠 SLK클래스,33
현대 벨로스터,31
한국GM 카마로,31
벤츠 EQS,30
기아 스토닉,29
벤츠 GLK,28
현대 베뉴,28
기아 K8,27
현대 아이오닉5,27
벤츠 GLS,27
한국GM 이쿼녹스,25
기아 포르테,22
벤츠 G클래스,22
현대 캐스퍼,20
현대 아이오닉6,20
현대 아이오닉,19
기아 오피러스,18
한국GM 토스카,18
벤츠 EQA,17
벤츠 GLA,15
기아 EV6,14
현대 아슬란,14
벤츠 스프린터,12
BMW 8시리즈,12
한국GM 레스타,11
BMW iX,11
벤츠 EQC,11
현대 넥쏘,10
벤츠 SL클래스,9
한국GM 젠트라,8
BMW i7,8
벤츠 EQE,8
BMW i8,8
한국GM 대우버스,6
벤츠 V클래스,6
현대 카운티,6
한국GM 타호,6
BMW iX3,5
한국GM 노부스,5
현대 쏠라티,5
벤츠 CL클래스,4
현대 현대트럭,4
벤츠 GLC,3
한국GM 티코,3
한국GM 콜벳,3
한국GM 베리타스,2
한국GM 프린스,2
벤츠 CLK클래스,2
한국GM 브로엄,2
현대 투스카니,2
한국GM 아카디아,2
현대 베르나,2
한국GM 에스페로,1
한국GM 르망,1
기아 로체,1
한국GM G2X,1
현대 에어로타운,1
현대 갤로퍼,1
벤츠 SLS,1
벤츠 R클래스,1
BMW i5,1
