,Importance
MYEAR,0.6341032
MILEAGE,0.077222735
CU_HIS,0.051127005
MVD_HIS,0.0
AVD_HIS,0.0
FD_HIS,0.0
VT_HIS,0.0
US_HIS,0.02974256
TRANS_CVT,0.0
TRANS_SAT,0.0
TRANS_기타,0.0
TRANS_수동,0.0
TRANS_오토,0.0
F_TYPE_CNG,0.0
F_TYPE_LPG,0.00019599496
F_TYPE_가솔린,0.16810404
F_TYPE_가솔린+LPG,0.0
F_TYPE_기타,0.0
F_TYPE_디젤,0.038998507
F_TYPE_전기,0.00050594687
F_TYPE_하이브리드,0.0
F_TYPE_하이브리드(LPG),0.0
F_TYPE_하이브리드(가솔린),0.0
F_TYPE_하이브리드(디젤),0.0
